x_mm,z_mm,amp,is_lesion
-16.0533,47.1242,-0.28046,0
6.9957,26.7849,-0.04056,0
-1.6366,10.4605,0.10786,0
-6.4750,36.6678,-0.10839,1
-7.2541,19.4783,0.80640,0
14.5259,26.0060,-0.10399,0
20.2572,38.3225,-0.37544,0
-16.1323,29.5916,-1.23686,0
7.6392,32.9501,-0.77740,0
-10.0849,12.5229,0.22961,0
23.3481,19.1508,0.11918,0
20.9925,52.0948,-2.03871,0
6.7935,35.5941,0.32351,1
12.6366,54.2559,-0.70261,0
0.7577,52.8651,-0.90192,0
16.2948,19.6585,1.11471,0
-2.5810,29.9798,0.40717,1
-8.0594,36.2889,-0.71141,0
-11.1050,14.8758,-0.35562,0
-13.6833,14.2678,-1.22405,0
1.2908,52.0743,0.81423,0
-3.4544,51.3357,0.90468,0
8.1590,29.1645,-0.43881,0
-24.3580,45.3292,1.39168,0
-2.6149,35.8967,0.32150,1
-6.7410,47.3827,-0.12371,0
-15.2301,25.7593,0.72158,0
4.7433,33.7018,-0.57914,1
-3.2343,54.6478,-0.26280,0
-10.0004,50.8322,0.25166,0
-14.5292,25.4982,-0.01042,0
18.7312,54.0886,2.04995,0
14.8731,29.9359,0.31053,0
5.3355,44.1190,0.36646,0
-7.7450,45.5755,-1.32799,0
22.3410,30.0842,-0.18749,0
3.1689,51.3547,-0.78352,0
-3.3619,33.2676,0.82207,1
20.0225,58.0344,-0.41563,0
-9.0329,56.8349,0.11906,0
9.7997,55.0133,1.21581,0
-9.3090,55.4177,0.65667,0
-11.9223,17.3523,-1.41131,0
10.0420,42.4167,0.63852,0
-13.6054,47.0557,0.71031,0
-0.3445,36.4380,-0.06358,1
4.0014,36.4610,0.16250,1
-15.5547,20.0715,0.10473,0
11.5620,18.0393,-1.38538,0
2.4242,49.1567,-0.56350,0
6.0752,17.4803,0.02072,0
-6.3928,46.4098,-0.58644,0
-3.9903,13.8534,0.53905,0
-0.2585,30.6126,0.35069,1
-1.5015,11.2006,0.27342,0
8.7820,43.0186,-0.37268,0
3.8589,24.6458,1.36284,0
-4.1865,33.3850,0.04813,1
-24.9099,24.3224,0.35352,0
14.7016,35.7887,-0.76345,0
0.9692,42.8823,-0.07618,1
-8.6728,18.3457,0.99810,0
-0.0022,48.8525,0.74373,0
-20.3277,49.1258,-0.18707,0
20.2352,57.1083,0.00824,0
24.4868,29.0348,0.19897,0
-22.0632,53.6566,-0.94119,0
-7.0884,14.6843,-0.18532,0
11.5032,59.6953,-0.51156,0
-9.2881,20.6104,-1.38577,0
3.3525,28.6925,0.05326,1
-4.1715,14.6752,-0.14380,0
13.7106,51.7571,-1.46381,0
22.9232,34.2966,-0.79501,0
19.4198,58.1201,-0.08709,0
6.0468,17.2308,-2.89105,0
-16.9863,54.5911,0.18400,0
22.3531,27.9773,0.26672,0
-23.8184,21.8145,0.64890,0
-10.1145,42.8562,-0.59528,0
-10.9193,11.5094,-1.42275,0
8.5913,36.2735,0.62829,0
-0.6318,33.6803,-0.48124,1
-20.3556,12.4253,0.54095,0
-24.3571,31.7091,-0.67570,0
5.2158,25.2460,-1.01217,0
-0.4258,22.4324,0.29434,0
5.0691,56.5147,1.12224,0
3.2012,39.9148,-0.05493,1
19.5230,17.7079,-0.24574,0
20.9198,47.8566,-1.68852,0
-15.5871,28.4783,0.83121,0
22.1060,39.9425,0.07286,0
14.3863,28.9967,-0.27168,0
6.9513,41.9273,1.30838,0
7.9804,44.0969,-1.56743,0
2.3030,24.1767,-0.50461,0
20.8632,51.5529,0.00485,0
-13.3368,40.9065,-0.29555,0
4.9658,40.2634,-0.85280,1
15.7122,20.9003,0.34934,0
-18.2619,22.6981,-0.03050,0
5.7754,29.7689,1.01077,0
-4.8583,11.6936,2.03987,0
13.3018,12.7366,-0.18789,0
-21.6143,43.1341,0.38447,0
5.3407,25.8239,0.25306,0
17.8539,46.0122,0.16979,0
6.4174,13.7413,-0.13831,0
-8.9331,47.0066,0.38658,0
7.7898,20.7089,1.12816,0
-8.0924,53.4776,-0.84906,0
8.4296,55.3266,1.90093,0
-18.5828,44.4657,0.50630,0
-11.0004,29.7143,0.30298,0
-23.3641,11.2824,-2.24913,0
-20.8045,48.0557,-0.01063,0
2.7385,38.1409,-0.34156,1
-13.4151,14.1146,0.57438,0
0.8041,38.5369,0.33445,1
7.9785,10.3078,1.14988,0
19.0593,32.5688,-0.16640,0
-7.2469,40.6628,-0.07460,0
-9.0661,50.1329,0.43712,0
-9.3167,24.5303,-2.09807,0
-19.1075,21.6023,-0.43376,0
8.1592,26.5547,-0.54278,0
15.9827,12.9597,0.52082,0
-1.3498,56.5750,-0.45738,0
2.9149,54.0318,0.74389,0
22.9240,40.1068,-0.19283,0
9.9458,13.7294,0.85528,0
12.2517,14.1814,2.21834,0
19.4749,56.6041,1.55802,0
-14.2105,16.2500,0.94711,0
7.5083,17.2834,1.14473,0
10.8697,49.2735,-0.36594,0
17.1114,25.0766,-0.77063,0
-7.8107,30.5777,-0.84594,0
9.4397,30.5012,0.19575,0
5.2200,45.0033,1.47340,0
-4.5319,33.6166,-0.25528,1
-19.9157,50.6103,0.46867,0
-7.3476,34.7970,-1.24721,0
23.1742,24.5230,-1.21635,0
-14.1738,19.7288,0.85762,0
-19.3181,47.7507,-0.68673,0
-6.6160,20.9754,-0.71543,0
-19.9510,40.4454,1.97545,0
-11.6401,40.0702,0.06894,0
20.7228,58.1624,-0.04448,0
-9.0609,14.4810,-0.22961,0
4.2945,20.3760,0.41534,0
-13.0628,43.0777,-0.70783,0
8.3990,26.5450,0.05732,0
-18.6172,16.4291,1.08670,0
14.4905,54.7684,-0.32064,0
-3.8527,46.5738,-2.37884,0
-15.8170,21.1276,-0.65491,0
12.9125,14.7605,0.76808,0
2.7141,52.1206,1.12090,0
-3.0927,38.4981,0.12725,1
-12.9687,56.4789,1.42742,0
14.0683,35.8591,-1.03962,0
-6.7357,21.5439,1.27886,0
-22.8455,16.6781,0.20977,0
23.2685,30.8956,0.67597,0
-23.4768,44.2009,-2.86041,0
-18.9765,10.2150,0.89248,0
-1.7094,29.7676,0.08154,1
-14.6073,30.1914,1.90832,0
-8.2432,43.5506,0.18820,0
3.3783,19.7481,-0.97331,0
22.8921,53.8036,-0.80325,0
21.8156,26.2544,0.40561,0
-21.3052,51.3404,0.30780,0
17.6657,51.3811,-0.63414,0
-16.6088,54.2440,-1.06801,0
15.5716,22.9415,1.51602,0
-10.1826,51.9933,-0.23867,0
10.8917,21.5254,-0.06852,0
10.9397,29.9722,-0.53335,0
17.5276,18.8842,1.39837,0
23.9813,34.2065,1.11546,0
-11.2260,13.7597,-1.02164,0
6.4154,57.8421,-0.07658,0
11.9630,10.6498,-0.92211,0
-21.0185,34.8298,1.85435,0
8.1481,51.9048,0.44328,0
-8.9242,16.6257,-0.28022,0
-16.9265,39.8551,-0.33750,0
2.4736,36.5541,0.19046,1
-1.9058,47.8768,-0.24603,0
3.8540,44.9297,1.54266,0
7.0959,51.2507,-0.92620,0
-0.0666,49.6642,-1.23465,0
20.2575,39.1430,1.41048,0
-16.1043,27.4982,-0.42569,0
-10.5604,15.3714,1.41987,0
-7.1889,18.1909,0.87987,0
13.7191,53.5604,-1.35809,0
7.6049,23.3250,-0.60950,0
-14.6789,54.7015,0.04932,0
12.2221,25.3043,-0.22044,0
13.5769,12.8629,0.30288,0
13.5121,24.4999,-0.61249,0
-21.0814,29.2325,-0.08493,0
-14.3930,15.1840,1.00149,0
19.7693,31.4881,1.33292,0
18.9716,49.8971,-0.79004,0
-14.7214,30.6910,-0.23197,0
2.5688,34.6867,-0.04438,1
-11.8658,59.9386,-1.34985,0
-4.1858,20.7660,0.93799,0
-23.9528,37.1957,0.56470,0
-10.9120,59.3878,0.52139,0
-11.4660,34.7862,-0.11028,0
20.9565,39.5710,0.87033,0
4.3985,37.3353,0.33720,1
-16.1242,15.7635,1.16003,0
-3.6218,45.8068,-0.17008,0
-0.3532,55.6037,0.34937,0
6.8680,56.3288,-0.38879,0
1.6224,39.3334,-0.11303,1
-3.9504,27.6256,0.98147,0
-9.4603,43.7755,0.05374,0
3.7500,57.2309,-0.15369,0
23.7916,58.9068,0.60321,0
2.6493,24.1478,0.66550,0
19.3506,56.7843,-0.75429,0
-24.2364,46.5145,-0.64770,0
-14.8451,53.5919,0.71230,0
18.2384,18.3741,0.52606,0
3.4736,58.8123,-0.20959,0
-0.6221,47.6759,1.19586,0
-6.5598,18.3259,-0.09912,0
-10.2367,37.0060,-1.93136,0
8.9415,15.5767,-0.79589,0
-6.7132,46.2294,-1.47475,0
-3.2383,39.7590,0.40096,1
13.8424,38.9144,0.50521,0
22.3091,52.3615,0.11871,0
24.6828,48.4865,-2.31759,0
-0.7542,14.5858,-1.47725,0
-18.0915,48.1070,-0.15074,0
-23.7538,37.0733,-1.78021,0
-0.2672,19.4390,0.94179,0
-21.1823,27.3590,-0.10295,0
-19.1143,35.4597,-0.14311,0
-13.2580,52.9423,-0.06341,0
24.5997,54.0951,-0.95015,0
-16.8886,15.1051,-1.04315,0
-19.4934,32.1077,-1.89865,0
20.7962,52.1765,0.02348,0
6.1035,40.1182,0.40626,0
11.9950,52.7581,-0.23760,0
-7.2633,39.8630,-0.28253,0
21.6916,21.1518,-0.94009,0
23.8050,35.1426,0.25069,0
2.9228,35.7577,-0.85799,1
24.3420,54.7039,-1.10445,0
0.2897,27.7876,-0.23045,1
-3.0130,21.7495,-0.50849,0
14.2717,47.4429,0.21791,0
7.2124,30.9790,-0.19241,0
-14.9735,34.2175,0.15547,0
0.7470,58.8293,1.24577,0
-24.1770,43.7323,1.37210,0
18.7830,43.5924,0.64761,0
2.1223,56.6944,1.24860,0
-22.6906,45.8147,1.72964,0
21.8879,57.7386,0.37042,0
24.9718,41.6652,-1.39830,0
11.8653,39.3707,1.00528,0
-3.4338,24.2113,-0.99492,0
4.5710,21.5398,1.86185,0
-24.4884,36.5751,1.72505,0
-19.5775,12.9528,-0.51823,0
-8.4500,18.4144,-1.09978,0
-4.4366,45.4185,-0.68866,0
12.7974,43.9506,-0.06508,0
-16.4635,11.4172,1.28126,0
-19.1948,18.1583,-1.23543,0
9.8732,40.8912,0.88190,0
19.4016,30.3827,-2.06966,0
18.9834,39.4483,1.21370,0
12.0958,16.4351,-0.06196,0
24.1784,53.1243,0.19974,0
1.1046,22.9468,-0.10613,0
13.7234,28.7202,0.93574,0
-4.1411,32.4685,0.12996,1
-7.3372,39.6415,1.68793,0
20.5411,59.0259,-1.77625,0
-3.4646,20.4715,-0.90507,0
12.3236,18.1193,-1.34603,0
-0.1489,17.2668,0.71778,0
-19.3894,48.7367,-1.68758,0
-18.6562,29.1228,2.43102,0
0.5061,56.3483,0.09182,0
10.3839,13.3280,1.22190,0
