time_us,pressure_relative
0.0000,0.000000
0.0100,0.000000
0.0200,0.000000
0.0300,0.000000
0.0400,0.000000
0.0500,0.000000
0.0600,0.000000
0.0700,-0.000000
0.0800,-0.000000
0.0900,-0.000000
0.1000,-0.000000
0.1100,-0.000000
0.1200,-0.000000
0.1300,0.000000
0.1400,0.000000
0.1500,0.000000
0.1600,0.000000
0.1700,0.000000
0.1800,0.000000
0.1900,-0.000000
0.2000,-0.000000
0.2100,-0.000001
0.2200,-0.000001
0.2300,-0.000002
0.2400,-0.000001
0.2500,0.000000
0.2600,0.000003
0.2700,0.000006
0.2800,0.000010
0.2900,0.000012
0.3000,0.000011
0.3100,0.000003
0.3200,-0.000013
0.3300,-0.000036
0.3400,-0.000061
0.3500,-0.000080
0.3600,-0.000076
0.3700,-0.000037
0.3800,0.000049
0.3900,0.000175
0.4000,0.000319
0.4100,0.000429
0.4200,0.000437
0.4300,0.000269
0.4400,-0.000118
0.4500,-0.000708
0.4600,-0.001388
0.4700,-0.001942
0.4800,-0.002074
0.4900,-0.001488
0.5000,0.000000
0.5100,0.002321
0.5200,0.005046
0.5300,0.007366
0.5400,0.008211
0.5500,0.006530
0.5600,0.001697
0.5700,-0.006047
0.5800,-0.015288
0.5900,-0.023437
0.6000,-0.027167
0.6100,-0.023307
0.6200,-0.010047
0.6300,0.011870
0.6400,0.038427
0.6500,0.062512
0.6600,0.075263
0.6700,0.068515
0.6800,0.037821
0.6900,-0.014812
0.7000,-0.079548
0.7100,-0.139610
0.7200,-0.174785
0.7300,-0.167091
0.7400,-0.107255
0.7500,0.000000
0.7600,0.133945
0.7700,0.260600
0.7800,0.340435
0.7900,0.339592
0.8000,0.241646
0.8100,0.056191
0.8200,-0.179185
0.8300,-0.405384
0.8400,-0.556126
0.8500,-0.576845
0.8600,-0.442837
0.8700,-0.170827
0.8800,0.180586
0.8900,0.523150
0.9000,0.761547
0.9100,0.820475
0.9200,0.668365
0.9300,0.330145
0.9400,-0.115697
0.9500,-0.556021
0.9600,-0.873221
0.9700,-0.978264
0.9800,-0.836856
0.9900,-0.480684
1.0000,0.000000
1.0100,0.480684
1.0200,0.836856
1.0300,0.978264
1.0400,0.873221
1.0500,0.556021
1.0600,0.115697
1.0700,-0.330145
1.0800,-0.668365
1.0900,-0.820475
1.1000,-0.761547
1.1100,-0.523150
1.1200,-0.180586
1.1300,0.170827
1.1400,0.442837
1.1500,0.576845
1.1600,0.556126
1.1700,0.405384
1.1800,0.179185
1.1900,-0.056191
1.2000,-0.241646
1.2100,-0.339592
1.2200,-0.340435
1.2300,-0.260600
1.2400,-0.133945
1.2500,0.000000
1.2600,0.107255
1.2700,0.167091
1.2800,0.174785
1.2900,0.139610
1.3000,0.079548
1.3100,0.014812
1.3200,-0.037821
1.3300,-0.068515
1.3400,-0.075263
1.3500,-0.062512
1.3600,-0.038427
1.3700,-0.011870
1.3800,0.010047
1.3900,0.023307
1.4000,0.027167
1.4100,0.023437
1.4200,0.015288
1.4300,0.006047
1.4400,-0.001697
1.4500,-0.006530
1.4600,-0.008211
1.4700,-0.007366
1.4800,-0.005046
1.4900,-0.002321
1.5000,0.000000
1.5100,0.001488
1.5200,0.002074
1.5300,0.001942
1.5400,0.001388
1.5500,0.000708
1.5600,0.000118
1.5700,-0.000269
1.5800,-0.000437
1.5900,-0.000429
1.6000,-0.000319
1.6100,-0.000175
1.6200,-0.000049
1.6300,0.000037
1.6400,0.000076
1.6500,0.000080
1.6600,0.000061
1.6700,0.000036
1.6800,0.000013
1.6900,-0.000003
1.7000,-0.000011
1.7100,-0.000012
1.7200,-0.000010
1.7300,-0.000006
1.7400,-0.000003
1.7500,-0.000000
1.7600,0.000001
1.7700,0.000002
1.7800,0.000001
1.7900,0.000001
1.8000,0.000000
1.8100,0.000000
1.8200,-0.000000
1.8300,-0.000000
1.8400,-0.000000
1.8500,-0.000000
1.8600,-0.000000
1.8700,-0.000000
1.8800,0.000000
1.8900,0.000000
1.9000,0.000000
1.9100,0.000000
1.9200,0.000000
1.9300,0.000000
1.9400,-0.000000
1.9500,-0.000000
1.9600,-0.000000
1.9700,-0.000000
1.9800,-0.000000
1.9900,-0.000000
